,FirstImprovementSearch,FirstChangeSearch,BestImprovementSearch,DeepSearch
0,42356,42356,42356,42356
1,42002,41673,41052,41225
2,41004,41673,40310,39240
3,39688,41130,38622,35320
4,37831,40308,37561,35273
5,37828,40308,36497,35200
6,37326,39792,35331,35200
7,35395,38765,33679,34894
8,34442,38765,33218,34782
9,34438,38699,32066,33800
10,33823,38434,31923,33755
11,33475,38142,31397,32881
12,31793,38142,30367,32759
13,31793,38142,29374,32488
14,31793,38014,29374,31917
15,31492,37727,29237,31309
16,31444,36967,28836,30299
17,30328,36967,28277,29748
18,30210,35138,27809,29748
19,29743,35138,27279,29748
20,29518,35138,26384,29146
21,29070,35138,26384,28514
22,28414,34794,26214,28203
23,28215,34794,25956,28203
24,27679,34794,25749,27953
25,27067,34794,24935,27259
26,26614,34794,24512,27125
27,26468,34759,24512,26361
28,26355,34672,23633,26361
29,25869,33521,23541,25902
30,25438,33521,23443,25902
31,25274,33262,22704,25718
32,24595,33262,22091,25431
33,24397,33262,22031,25075
34,23498,32782,21235,24872
35,23498,32782,21235,24872
36,23301,32610,21004,24195
37,23276,32610,20823,24195
38,22958,31037,20596,24195
39,22625,31037,20359,24170
40,22535,31037,20146,23254
41,21856,31037,19726,23122
42,21856,30860,19632,23088
43,21758,30860,19374,22786
44,21192,30840,19123,22563
45,21192,30001,19061,21965
46,21192,30001,18712,21756
47,20530,29939,18497,21711
48,20530,29939,18326,21564
49,20498,29939,18133,21211
50,20448,29939,17938,20848
51,20042,29871,17600,20775
52,19892,29813,17539,20740
53,19493,29813,17427,20242
54,19343,29813,17043,19900
55,19101,29813,17021,19900
56,18710,29125,17021,19900
57,18350,28941,17021,19694
58,18299,28941,16997,19665
59,18274,28941,16854,19370
60,17930,28929,16818,19283
61,17915,28929,16802,19053
62,17690,28929,16739,18622
63,17468,28929,16702,18622
64,17278,28840,16571,18549
65,17102,28398,16571,18408
66,16991,27854,16518,18369
67,16875,27854,16294,18052
68,16752,27854,16294,17982
69,16656,27679,16276,17884
70,16645,26996,16190,17671
71,16439,26996,16173,17318
72,16325,26996,16131,17255
73,16249,26495,16117,17171
74,16139,26495,16090,17126
75,16089,26495,16037,17106
76,16013,26495,15999,16954
77,15955,26495,15990,16869
78,15929,26495,15947,16787
79,15836,26495,15880,16659
80,15825,26493,15880,16604
81,15745,26419,15880,16497
82,15658,26419,15854,16409
83,15642,26419,15851,16350
84,15606,26419,15821,16304
85,15547,26419,15814,16268
86,15530,26419,15785,16257
87,15515,26419,15766,16231
88,15463,26419,15725,16182
89,15398,26419,15716,16129
90,15376,26419,15699,16093
91,15339,26419,15686,16093
92,15322,26363,15660,16051
93,15302,26363,15644,16030
94,15276,26363,15633,15949
95,15259,26363,15630,15949
96,15256,26363,15630,15877
97,15256,26363,15618,15840
98,15236,26363,15615,15806
99,15236,26363,15601,15806
100,15219,26363,15589,15796
101,15219,26363,15583,15793
102,15219,26259,15583,15751
103,15219,26202,15583,15751
104,15219,26202,15583,15730
105,15219,26202,15583,15723
106,15219,26202,15583,15717
107,15219,26202,15583,15698
108,15219,26201,15583,15698
109,15219,26201,15583,15681
110,15219,26201,15583,15681
111,15219,26201,15583,15673
112,15219,26201,15583,15658
113,15219,26166,15583,15658
114,15219,26166,15583,15649
115,15219,26166,15583,15649
116,15219,26166,15583,15649
117,15219,26113,15583,15649
118,15219,26113,15583,15649
119,15219,26113,15583,15649
120,15219,26113,15583,15649
121,15219,26113,15583,15649
122,15219,26025,15583,15649
123,15219,26025,15583,15649
124,15219,26025,15583,15622
125,15219,26025,15583,15622
126,15219,26025,15583,15375
127,15219,26025,15583,15375
128,15219,26025,15583,15374
129,15219,26025,15583,15374
130,15219,26025,15583,15345
131,15219,26025,15583,15345
132,15219,26025,15583,15170
133,15219,25894,15583,15147
134,15219,25894,15583,15143
135,15219,25894,15583,15098
136,15219,25894,15583,15070
137,15219,25894,15583,15066
138,15219,25775,15583,15035
139,15219,25702,15583,14994
140,15219,25702,15583,14974
141,15219,25702,15583,14915
142,15219,25702,15583,14915
143,15219,25537,15583,14892
144,15219,25429,15583,14860
145,15219,25429,15583,14860
146,15219,25429,15583,14856
147,15219,25207,15583,14846
148,15219,25207,15583,14798
149,15219,25207,15583,14789
150,15219,25207,15583,14785
151,15219,25207,15583,14778
152,15219,25207,15583,14778
153,15219,25207,15583,14702
154,15219,25207,15583,14702
155,15219,25207,15583,14702
156,15219,25207,15583,14684
157,15219,25207,15583,14684
158,15219,24934,15583,14684
159,15219,24934,15583,14667
160,15219,24760,15583,14667
161,15219,24734,15583,14667
162,15219,24734,15583,14667
163,15219,24734,15583,14667
164,15219,24389,15583,14667
165,15219,24389,15583,14667
166,15219,24379,15583,14667
167,15219,24379,15583,14667
168,15219,24313,15583,14667
169,15219,24313,15583,14667
170,15219,24313,15583,14667
171,15219,24313,15583,14667
172,15219,24313,15583,14667
173,15219,24313,15583,14667
174,15219,24313,15583,14667
175,15219,24313,15583,14667
176,15219,24313,15583,14667
177,15219,24313,15583,14667
178,15219,24313,15583,14667
179,15219,24313,15583,14667
180,15219,24313,15583,14667
181,15219,24313,15583,14667
182,15219,24313,15583,14667
183,15219,24313,15583,14667
184,15219,24313,15583,14667
185,15219,24313,15583,14667
186,15219,24313,15583,14667
187,15219,24313,15583,14667
188,15219,24313,15583,14667
189,15219,24313,15583,14667
190,15219,24313,15583,14667
191,15219,24313,15583,14667
192,15219,24285,15583,14667
193,15219,24285,15583,14667
194,15219,24285,15583,14667
195,15219,24285,15583,14667
196,15219,24285,15583,14667
197,15219,24285,15583,14667
198,15219,24285,15583,14667
199,15219,24285,15583,14667
200,15219,24285,15583,14667
201,15219,24285,15583,14667
202,15219,24285,15583,14667
203,15219,24285,15583,14667
204,15219,24285,15583,14667
205,15219,24214,15583,14667
206,15219,24214,15583,14667
207,15219,24214,15583,14667
208,15219,24214,15583,14667
209,15219,24214,15583,14667
210,15219,24214,15583,14667
211,15219,24214,15583,14667
212,15219,24214,15583,14667
213,15219,24214,15583,14667
214,15219,24122,15583,14667
215,15219,23789,15583,14667
216,15219,23789,15583,14667
217,15219,23789,15583,14667
218,15219,23789,15583,14667
219,15219,23699,15583,14667
220,15219,23699,15583,14667
221,15219,23699,15583,14667
222,15219,23699,15583,14667
223,15219,23699,15583,14667
224,15219,23699,15583,14667
225,15219,23699,15583,14667
226,15219,23699,15583,14667
227,15219,23699,15583,14667
228,15219,23600,15583,14667
229,15219,23600,15583,14667
230,15219,23530,15583,14667
231,15219,23530,15583,14667
232,15219,23529,15583,14667
233,15219,23529,15583,14667
234,15219,23529,15583,14667
235,15219,23529,15583,14667
236,15219,23529,15583,14667
237,15219,23529,15583,14667
238,15219,23529,15583,14667
239,15219,23529,15583,14667
240,15219,23529,15583,14667
241,15219,23529,15583,14667
242,15219,23529,15583,14667
243,15219,23529,15583,14667
244,15219,23529,15583,14667
245,15219,23529,15583,14667
246,15219,23529,15583,14667
247,15219,23529,15583,14667
248,15219,23529,15583,14667
249,15219,23529,15583,14667
250,15219,23529,15583,14667
251,15219,23529,15583,14667
252,15219,23529,15583,14667
253,15219,23529,15583,14667
254,15219,23529,15583,14667
255,15219,23529,15583,14667
256,15219,23529,15583,14667
257,15219,23529,15583,14667
258,15219,23529,15583,14667
259,15219,23529,15583,14667
260,15219,23529,15583,14667
261,15219,23529,15583,14667
262,15219,23288,15583,14667
263,15219,23288,15583,14667
264,15219,23012,15583,14667
265,15219,23012,15583,14667
266,15219,23012,15583,14667
267,15219,23012,15583,14667
268,15219,23012,15583,14667
269,15219,22945,15583,14667
270,15219,22945,15583,14667
271,15219,22945,15583,14667
272,15219,22945,15583,14667
273,15219,22945,15583,14667
274,15219,22862,15583,14667
275,15219,22789,15583,14667
276,15219,22789,15583,14667
277,15219,22789,15583,14667
278,15219,22789,15583,14667
279,15219,22789,15583,14667
280,15219,22789,15583,14667
281,15219,22789,15583,14667
282,15219,22789,15583,14667
283,15219,22789,15583,14667
284,15219,22576,15583,14667
285,15219,22576,15583,14667
286,15219,22576,15583,14667
287,15219,22576,15583,14667
288,15219,22576,15583,14667
289,15219,22576,15583,14667
290,15219,22540,15583,14667
291,15219,22540,15583,14667
292,15219,22540,15583,14667
293,15219,22540,15583,14667
294,15219,22540,15583,14667
295,15219,22106,15583,14667
296,15219,21984,15583,14667
297,15219,21984,15583,14667
298,15219,21984,15583,14667
299,15219,21984,15583,14667
300,15219,21984,15583,14667
301,15219,21984,15583,14667
302,15219,21984,15583,14667
303,15219,21984,15583,14667
304,15219,21984,15583,14667
305,15219,21984,15583,14667
306,15219,21984,15583,14667
307,15219,21984,15583,14667
308,15219,21984,15583,14667
309,15219,21984,15583,14667
310,15219,21984,15583,14667
311,15219,21984,15583,14667
312,15219,21984,15583,14667
313,15219,21984,15583,14667
314,15219,21984,15583,14667
315,15219,21984,15583,14667
316,15219,21984,15583,14667
317,15219,21984,15583,14667
318,15219,21984,15583,14667
319,15219,21984,15583,14667
320,15219,21984,15583,14667
321,15219,21449,15583,14667
322,15219,21449,15583,14667
323,15219,21449,15583,14667
324,15219,21449,15583,14667
325,15219,21449,15583,14667
326,15219,21449,15583,14667
327,15219,21449,15583,14667
328,15219,21449,15583,14667
329,15219,21449,15583,14667
330,15219,21449,15583,14667
331,15219,21449,15583,14667
332,15219,21449,15583,14667
333,15219,21449,15583,14667
334,15219,21449,15583,14667
335,15219,21449,15583,14667
336,15219,21449,15583,14667
337,15219,21449,15583,14667
338,15219,21449,15583,14667
339,15219,21449,15583,14667
340,15219,21376,15583,14667
341,15219,21376,15583,14667
342,15219,21376,15583,14667
343,15219,21376,15583,14667
344,15219,21376,15583,14667
345,15219,21343,15583,14667
346,15219,21343,15583,14667
347,15219,21343,15583,14667
348,15219,21343,15583,14667
349,15219,21315,15583,14667
350,15219,21315,15583,14667
351,15219,21315,15583,14667
352,15219,21315,15583,14667
353,15219,21272,15583,14667
354,15219,21272,15583,14667
355,15219,21272,15583,14667
356,15219,21272,15583,14667
357,15219,21272,15583,14667
358,15219,21272,15583,14667
359,15219,21272,15583,14667
360,15219,21182,15583,14667
361,15219,21182,15583,14667
362,15219,21182,15583,14667
363,15219,21182,15583,14667
364,15219,21182,15583,14667
365,15219,21182,15583,14667
366,15219,21136,15583,14667
367,15219,21136,15583,14667
368,15219,21136,15583,14667
369,15219,21136,15583,14667
370,15219,21136,15583,14667
371,15219,21136,15583,14667
372,15219,21136,15583,14667
373,15219,21136,15583,14667
374,15219,21136,15583,14667
375,15219,21136,15583,14667
376,15219,21136,15583,14667
377,15219,21136,15583,14667
378,15219,21136,15583,14667
379,15219,21136,15583,14667
380,15219,21136,15583,14667
381,15219,21136,15583,14667
382,15219,21136,15583,14667
383,15219,21136,15583,14667
384,15219,21136,15583,14667
385,15219,21136,15583,14667
386,15219,21136,15583,14667
387,15219,21136,15583,14667
388,15219,21136,15583,14667
389,15219,21136,15583,14667
390,15219,21136,15583,14667
391,15219,21136,15583,14667
392,15219,21133,15583,14667
393,15219,21009,15583,14667
394,15219,21009,15583,14667
395,15219,21009,15583,14667
396,15219,21009,15583,14667
397,15219,21009,15583,14667
398,15219,21009,15583,14667
399,15219,21009,15583,14667
400,15219,21009,15583,14667
401,15219,21009,15583,14667
402,15219,21009,15583,14667
403,15219,21009,15583,14667
404,15219,21009,15583,14667
405,15219,21009,15583,14667
406,15219,21009,15583,14667
407,15219,21009,15583,14667
408,15219,21009,15583,14667
409,15219,21009,15583,14667
410,15219,21009,15583,14667
411,15219,21009,15583,14667
412,15219,21009,15583,14667
413,15219,21009,15583,14667
414,15219,21009,15583,14667
415,15219,21009,15583,14667
416,15219,21009,15583,14667
417,15219,21009,15583,14667
418,15219,21009,15583,14667
419,15219,21009,15583,14667
420,15219,20727,15583,14667
421,15219,20727,15583,14667
422,15219,20727,15583,14667
423,15219,20727,15583,14667
424,15219,20727,15583,14667
425,15219,20727,15583,14667
426,15219,20727,15583,14667
427,15219,20727,15583,14667
428,15219,20727,15583,14667
429,15219,20727,15583,14667
430,15219,20727,15583,14667
431,15219,20727,15583,14667
432,15219,20727,15583,14667
433,15219,20727,15583,14667
434,15219,20727,15583,14667
435,15219,20607,15583,14667
436,15219,20607,15583,14667
437,15219,20607,15583,14667
438,15219,20607,15583,14667
439,15219,20607,15583,14667
440,15219,20607,15583,14667
441,15219,20607,15583,14667
442,15219,20607,15583,14667
443,15219,20607,15583,14667
444,15219,20607,15583,14667
445,15219,20607,15583,14667
446,15219,20607,15583,14667
447,15219,20607,15583,14667
448,15219,20607,15583,14667
449,15219,20607,15583,14667
450,15219,20607,15583,14667
451,15219,20607,15583,14667
452,15219,20607,15583,14667
453,15219,20607,15583,14667
454,15219,20607,15583,14667
455,15219,20607,15583,14667
456,15219,20552,15583,14667
457,15219,20552,15583,14667
458,15219,20552,15583,14667
459,15219,20552,15583,14667
460,15219,20552,15583,14667
461,15219,20552,15583,14667
462,15219,20552,15583,14667
463,15219,20552,15583,14667
464,15219,20552,15583,14667
465,15219,20552,15583,14667
466,15219,20552,15583,14667
467,15219,20494,15583,14667
468,15219,20494,15583,14667
469,15219,20494,15583,14667
470,15219,20494,15583,14667
471,15219,20494,15583,14667
472,15219,20494,15583,14667
473,15219,20494,15583,14667
474,15219,20494,15583,14667
475,15219,20494,15583,14667
476,15219,20494,15583,14667
477,15219,20494,15583,14667
478,15219,20494,15583,14667
479,15219,20494,15583,14667
480,15219,20472,15583,14667
481,15219,20472,15583,14667
482,15219,20472,15583,14667
483,15219,20472,15583,14667
484,15219,20472,15583,14667
485,15219,20472,15583,14667
486,15219,20472,15583,14667
487,15219,20332,15583,14667
488,15219,20332,15583,14667
489,15219,20332,15583,14667
490,15219,20332,15583,14667
491,15219,20332,15583,14667
492,15219,20332,15583,14667
493,15219,20332,15583,14667
494,15219,20332,15583,14667
495,15219,20332,15583,14667
496,15219,20332,15583,14667
497,15219,20332,15583,14667
498,15219,20332,15583,14667
499,15219,20254,15583,14667
500,15219,20254,15583,14667
501,15219,20254,15583,14667
502,15219,20254,15583,14667
503,15219,20239,15583,14667
504,15219,20239,15583,14667
505,15219,20239,15583,14667
506,15219,20239,15583,14667
507,15219,20239,15583,14667
508,15219,20239,15583,14667
509,15219,20239,15583,14667
510,15219,20239,15583,14667
511,15219,20239,15583,14667
512,15219,20239,15583,14667
513,15219,20239,15583,14667
514,15219,20239,15583,14667
515,15219,20239,15583,14667
516,15219,20239,15583,14667
517,15219,20239,15583,14667
518,15219,20239,15583,14667
519,15219,20239,15583,14667
520,15219,20239,15583,14667
521,15219,20239,15583,14667
522,15219,20239,15583,14667
523,15219,20163,15583,14667
524,15219,20163,15583,14667
525,15219,20163,15583,14667
526,15219,20163,15583,14667
527,15219,20163,15583,14667
528,15219,20163,15583,14667
529,15219,20163,15583,14667
530,15219,20163,15583,14667
531,15219,20163,15583,14667
532,15219,20163,15583,14667
533,15219,19958,15583,14667
534,15219,19958,15583,14667
535,15219,19958,15583,14667
536,15219,19958,15583,14667
537,15219,19958,15583,14667
538,15219,19958,15583,14667
539,15219,19958,15583,14667
540,15219,19958,15583,14667
541,15219,19958,15583,14667
542,15219,19958,15583,14667
543,15219,19958,15583,14667
544,15219,19958,15583,14667
545,15219,19958,15583,14667
546,15219,19958,15583,14667
547,15219,19958,15583,14667
548,15219,19958,15583,14667
549,15219,19958,15583,14667
550,15219,19958,15583,14667
551,15219,19958,15583,14667
552,15219,19958,15583,14667
553,15219,19958,15583,14667
554,15219,19958,15583,14667
555,15219,19958,15583,14667
556,15219,19958,15583,14667
557,15219,19958,15583,14667
558,15219,19958,15583,14667
559,15219,19958,15583,14667
560,15219,19958,15583,14667
561,15219,19892,15583,14667
562,15219,19892,15583,14667
563,15219,19892,15583,14667
564,15219,19892,15583,14667
565,15219,19794,15583,14667
566,15219,19794,15583,14667
567,15219,19794,15583,14667
568,15219,19794,15583,14667
569,15219,19794,15583,14667
570,15219,19794,15583,14667
571,15219,19794,15583,14667
572,15219,19794,15583,14667
573,15219,19794,15583,14667
574,15219,19794,15583,14667
575,15219,19794,15583,14667
576,15219,19794,15583,14667
577,15219,19794,15583,14667
578,15219,19794,15583,14667
579,15219,19794,15583,14667
580,15219,19794,15583,14667
581,15219,19794,15583,14667
582,15219,19794,15583,14667
583,15219,19794,15583,14667
584,15219,19794,15583,14667
585,15219,19794,15583,14667
586,15219,19794,15583,14667
587,15219,19794,15583,14667
588,15219,19794,15583,14667
589,15219,19794,15583,14667
590,15219,19794,15583,14667
591,15219,19794,15583,14667
592,15219,19632,15583,14667
593,15219,19632,15583,14667
594,15219,19632,15583,14667
595,15219,19632,15583,14667
596,15219,19632,15583,14667
597,15219,19632,15583,14667
598,15219,19632,15583,14667
599,15219,19632,15583,14667
600,15219,19632,15583,14667
601,15219,19632,15583,14667
602,15219,19632,15583,14667
603,15219,19632,15583,14667
604,15219,19632,15583,14667
605,15219,19632,15583,14667
606,15219,19632,15583,14667
607,15219,19632,15583,14667
608,15219,19632,15583,14667
609,15219,19632,15583,14667
610,15219,19632,15583,14667
611,15219,19632,15583,14667
612,15219,19615,15583,14667
613,15219,19615,15583,14667
614,15219,19615,15583,14667
615,15219,19615,15583,14667
616,15219,19615,15583,14667
617,15219,19504,15583,14667
618,15219,19504,15583,14667
619,15219,19504,15583,14667
620,15219,19504,15583,14667
621,15219,19504,15583,14667
622,15219,19504,15583,14667
623,15219,19504,15583,14667
624,15219,19504,15583,14667
625,15219,19504,15583,14667
626,15219,19504,15583,14667
627,15219,19504,15583,14667
628,15219,19504,15583,14667
629,15219,19504,15583,14667
630,15219,19504,15583,14667
631,15219,19504,15583,14667
632,15219,19504,15583,14667
633,15219,19504,15583,14667
634,15219,19504,15583,14667
635,15219,19504,15583,14667
636,15219,19504,15583,14667
637,15219,19504,15583,14667
638,15219,19504,15583,14667
639,15219,19504,15583,14667
640,15219,19504,15583,14667
641,15219,19504,15583,14667
642,15219,19504,15583,14667
643,15219,19504,15583,14667
644,15219,19504,15583,14667
645,15219,19504,15583,14667
646,15219,19504,15583,14667
647,15219,19504,15583,14667
648,15219,19504,15583,14667
649,15219,19504,15583,14667
650,15219,19504,15583,14667
651,15219,19504,15583,14667
652,15219,19415,15583,14667
653,15219,19415,15583,14667
654,15219,19415,15583,14667
655,15219,19415,15583,14667
656,15219,19415,15583,14667
657,15219,19415,15583,14667
658,15219,19415,15583,14667
659,15219,19415,15583,14667
660,15219,19415,15583,14667
661,15219,19415,15583,14667
662,15219,19415,15583,14667
663,15219,19413,15583,14667
664,15219,19413,15583,14667
665,15219,19413,15583,14667
666,15219,19413,15583,14667
667,15219,19413,15583,14667
668,15219,19413,15583,14667
669,15219,19413,15583,14667
670,15219,19413,15583,14667
671,15219,19413,15583,14667
672,15219,19413,15583,14667
673,15219,19413,15583,14667
674,15219,19413,15583,14667
675,15219,19413,15583,14667
676,15219,19413,15583,14667
677,15219,19413,15583,14667
678,15219,19413,15583,14667
679,15219,19413,15583,14667
680,15219,19413,15583,14667
681,15219,19413,15583,14667
682,15219,19413,15583,14667
683,15219,19413,15583,14667
684,15219,19413,15583,14667
685,15219,19413,15583,14667
686,15219,19413,15583,14667
687,15219,19370,15583,14667
688,15219,19370,15583,14667
689,15219,19370,15583,14667
690,15219,19370,15583,14667
691,15219,19370,15583,14667
692,15219,19370,15583,14667
693,15219,19370,15583,14667
694,15219,19370,15583,14667
695,15219,19370,15583,14667
696,15219,19370,15583,14667
697,15219,19370,15583,14667
698,15219,19370,15583,14667
699,15219,19349,15583,14667
700,15219,19349,15583,14667
701,15219,19349,15583,14667
702,15219,19349,15583,14667
703,15219,19349,15583,14667
704,15219,19349,15583,14667
705,15219,19349,15583,14667
706,15219,19349,15583,14667
707,15219,19349,15583,14667
708,15219,19349,15583,14667
709,15219,19349,15583,14667
710,15219,19349,15583,14667
711,15219,19349,15583,14667
712,15219,19349,15583,14667
713,15219,19349,15583,14667
714,15219,19349,15583,14667
715,15219,19349,15583,14667
716,15219,19349,15583,14667
717,15219,19349,15583,14667
718,15219,19349,15583,14667
719,15219,19349,15583,14667
720,15219,19349,15583,14667
721,15219,19349,15583,14667
722,15219,19349,15583,14667
723,15219,19349,15583,14667
724,15219,19349,15583,14667
725,15219,19349,15583,14667
726,15219,19349,15583,14667
727,15219,19349,15583,14667
728,15219,19349,15583,14667
729,15219,19349,15583,14667
730,15219,19349,15583,14667
731,15219,19349,15583,14667
732,15219,19349,15583,14667
733,15219,19349,15583,14667
734,15219,19349,15583,14667
735,15219,19349,15583,14667
736,15219,19232,15583,14667
737,15219,19180,15583,14667
738,15219,19180,15583,14667
739,15219,19180,15583,14667
740,15219,19174,15583,14667
741,15219,19174,15583,14667
742,15219,19174,15583,14667
743,15219,19174,15583,14667
744,15219,19174,15583,14667
745,15219,19174,15583,14667
746,15219,19174,15583,14667
747,15219,19174,15583,14667
748,15219,19174,15583,14667
749,15219,19174,15583,14667
750,15219,19174,15583,14667
751,15219,19174,15583,14667
752,15219,19174,15583,14667
753,15219,19174,15583,14667
754,15219,19174,15583,14667
755,15219,19174,15583,14667
756,15219,19174,15583,14667
757,15219,19174,15583,14667
758,15219,19174,15583,14667
759,15219,19174,15583,14667
760,15219,19174,15583,14667
761,15219,19174,15583,14667
762,15219,19174,15583,14667
763,15219,19174,15583,14667
764,15219,19174,15583,14667
765,15219,19174,15583,14667
766,15219,19174,15583,14667
767,15219,19174,15583,14667
768,15219,19174,15583,14667
769,15219,19174,15583,14667
770,15219,19174,15583,14667
771,15219,19174,15583,14667
772,15219,19174,15583,14667
773,15219,19174,15583,14667
774,15219,19174,15583,14667
775,15219,19174,15583,14667
776,15219,19174,15583,14667
777,15219,19174,15583,14667
778,15219,19174,15583,14667
779,15219,19174,15583,14667
780,15219,19174,15583,14667
781,15219,19174,15583,14667
782,15219,19174,15583,14667
783,15219,19174,15583,14667
784,15219,19174,15583,14667
785,15219,19174,15583,14667
786,15219,19174,15583,14667
787,15219,19174,15583,14667
788,15219,19174,15583,14667
789,15219,19174,15583,14667
790,15219,19174,15583,14667
791,15219,19174,15583,14667
792,15219,19174,15583,14667
793,15219,19174,15583,14667
794,15219,19174,15583,14667
795,15219,19174,15583,14667
796,15219,19174,15583,14667
797,15219,19174,15583,14667
798,15219,19174,15583,14667
799,15219,19174,15583,14667
800,15219,19174,15583,14667
801,15219,19174,15583,14667
802,15219,19174,15583,14667
803,15219,19174,15583,14667
804,15219,19174,15583,14667
805,15219,19174,15583,14667
806,15219,19174,15583,14667
807,15219,19174,15583,14667
808,15219,19174,15583,14667
809,15219,19174,15583,14667
810,15219,19174,15583,14667
811,15219,19174,15583,14667
812,15219,19174,15583,14667
813,15219,19174,15583,14667
814,15219,19174,15583,14667
815,15219,19174,15583,14667
816,15219,19174,15583,14667
817,15219,19174,15583,14667
818,15219,19174,15583,14667
819,15219,19174,15583,14667
820,15219,19174,15583,14667
821,15219,19174,15583,14667
822,15219,19174,15583,14667
823,15219,19174,15583,14667
824,15219,19174,15583,14667
825,15219,19174,15583,14667
826,15219,19174,15583,14667
827,15219,19174,15583,14667
828,15219,19174,15583,14667
829,15219,19174,15583,14667
830,15219,19174,15583,14667
831,15219,19174,15583,14667
832,15219,19174,15583,14667
833,15219,19174,15583,14667
834,15219,19174,15583,14667
835,15219,19174,15583,14667
836,15219,19174,15583,14667
837,15219,19174,15583,14667
838,15219,19174,15583,14667
839,15219,19174,15583,14667
840,15219,19174,15583,14667
841,15219,19174,15583,14667
842,15219,19174,15583,14667
843,15219,19174,15583,14667
844,15219,19174,15583,14667
845,15219,19174,15583,14667
846,15219,19174,15583,14667
847,15219,19174,15583,14667
848,15219,19155,15583,14667
849,15219,19155,15583,14667
850,15219,19155,15583,14667
851,15219,19155,15583,14667
852,15219,19155,15583,14667
853,15219,19155,15583,14667
854,15219,19155,15583,14667
855,15219,19155,15583,14667
856,15219,19155,15583,14667
857,15219,19155,15583,14667
858,15219,19155,15583,14667
859,15219,19155,15583,14667
860,15219,19155,15583,14667
861,15219,19138,15583,14667
862,15219,19138,15583,14667
863,15219,19138,15583,14667
864,15219,19138,15583,14667
865,15219,19138,15583,14667
866,15219,19138,15583,14667
867,15219,19138,15583,14667
868,15219,19138,15583,14667
869,15219,19138,15583,14667
870,15219,19138,15583,14667
871,15219,19138,15583,14667
872,15219,19138,15583,14667
873,15219,19138,15583,14667
874,15219,19138,15583,14667
875,15219,19138,15583,14667
876,15219,19138,15583,14667
877,15219,19138,15583,14667
878,15219,19138,15583,14667
879,15219,19138,15583,14667
880,15219,19138,15583,14667
881,15219,19138,15583,14667
882,15219,19138,15583,14667
883,15219,19138,15583,14667
884,15219,19138,15583,14667
885,15219,19138,15583,14667
886,15219,19138,15583,14667
887,15219,19138,15583,14667
888,15219,19138,15583,14667
889,15219,19138,15583,14667
890,15219,19138,15583,14667
891,15219,19138,15583,14667
892,15219,19138,15583,14667
893,15219,19138,15583,14667
894,15219,19138,15583,14667
895,15219,19138,15583,14667
896,15219,19138,15583,14667
897,15219,19138,15583,14667
898,15219,19138,15583,14667
899,15219,19138,15583,14667
900,15219,19138,15583,14667
901,15219,19138,15583,14667
902,15219,19138,15583,14667
903,15219,19138,15583,14667
904,15219,19138,15583,14667
905,15219,19138,15583,14667
906,15219,19138,15583,14667
907,15219,19138,15583,14667
908,15219,19138,15583,14667
909,15219,19138,15583,14667
910,15219,19138,15583,14667
911,15219,19138,15583,14667
912,15219,19138,15583,14667
913,15219,19138,15583,14667
914,15219,19138,15583,14667
915,15219,19138,15583,14667
916,15219,19138,15583,14667
917,15219,19138,15583,14667
918,15219,19138,15583,14667
919,15219,19138,15583,14667
920,15219,19138,15583,14667
921,15219,19138,15583,14667
922,15219,19138,15583,14667
923,15219,19138,15583,14667
924,15219,19138,15583,14667
925,15219,19138,15583,14667
926,15219,19138,15583,14667
927,15219,19138,15583,14667
928,15219,19138,15583,14667
929,15219,19138,15583,14667
930,15219,19138,15583,14667
931,15219,19138,15583,14667
932,15219,19138,15583,14667
933,15219,19138,15583,14667
934,15219,19138,15583,14667
935,15219,19138,15583,14667
936,15219,19138,15583,14667
937,15219,19138,15583,14667
938,15219,19138,15583,14667
939,15219,19138,15583,14667
940,15219,19138,15583,14667
941,15219,19138,15583,14667
942,15219,19138,15583,14667
943,15219,18946,15583,14667
944,15219,18946,15583,14667
945,15219,18946,15583,14667
946,15219,18946,15583,14667
947,15219,18946,15583,14667
948,15219,18946,15583,14667
949,15219,18946,15583,14667
950,15219,18946,15583,14667
951,15219,18946,15583,14667
952,15219,18946,15583,14667
953,15219,18946,15583,14667
954,15219,18946,15583,14667
955,15219,18946,15583,14667
956,15219,18946,15583,14667
957,15219,18946,15583,14667
958,15219,18946,15583,14667
959,15219,18946,15583,14667
960,15219,18946,15583,14667
961,15219,18946,15583,14667
962,15219,18946,15583,14667
963,15219,18946,15583,14667
964,15219,18946,15583,14667
965,15219,18946,15583,14667
966,15219,18946,15583,14667
967,15219,18946,15583,14667
968,15219,18946,15583,14667
969,15219,18946,15583,14667
970,15219,18946,15583,14667
971,15219,18946,15583,14667
972,15219,18946,15583,14667
973,15219,18946,15583,14667
974,15219,18946,15583,14667
975,15219,18946,15583,14667
976,15219,18946,15583,14667
977,15219,18946,15583,14667
978,15219,18946,15583,14667
979,15219,18946,15583,14667
980,15219,18946,15583,14667
981,15219,18946,15583,14667
982,15219,18946,15583,14667
983,15219,18946,15583,14667
984,15219,18946,15583,14667
985,15219,18946,15583,14667
986,15219,18946,15583,14667
987,15219,18946,15583,14667
988,15219,18946,15583,14667
989,15219,18946,15583,14667
990,15219,18946,15583,14667
991,15219,18946,15583,14667
992,15219,18946,15583,14667
993,15219,18946,15583,14667
994,15219,18946,15583,14667
995,15219,18946,15583,14667
996,15219,18946,15583,14667
997,15219,18946,15583,14667
998,15219,18946,15583,14667
999,15219,18946,15583,14667
1000,15219,18946,15583,14667
